<?xml version="1.0" encoding="UTF-8"?><MD_Metadata xmlns:xlink="http://www.w3.org/1999/xlink" xmlns:srv="http://www.isotc211.org/2005/srv" xmlns:gts="http://www.isotc211.org/2005/gts" xmlns:xalan="http://xml.apache.org/xalan" xmlns:gco="http://www.isotc211.org/2005/gco" xmlns:gml="http://www.opengis.net/gml" xmlns:xsi="http://www.w3.org/2001/XMLSchema-instance" xmlns="http://www.isotc211.org/2005/gmd">
    <language>
        <LanguageCode codeList="http://www.loc.gov/standards/iso639-2/php/code_list.php" codeListValue="eng" codeSpace="ISO639-2">eng</LanguageCode>
    </language>
    <characterSet>
        <MD_CharacterSetCode codeList="http://www.isotc211.org/2005/resources/Codelist/gmxCodelists.xml#MD_CharacterSetCode" codeListValue="utf8" codeSpace="ISOTC211/19115">utf8</MD_CharacterSetCode>
    </characterSet>
    <hierarchyLevel>
        <MD_ScopeCode codeList="http://www.isotc211.org/2005/resources/Codelist/gmxCodelists.xml#MD_ScopeCode" codeListValue="dataset" codeSpace="ISOTC211/19115">dataset</MD_ScopeCode>
    </hierarchyLevel>
    <hierarchyLevelName>
        <gco:CharacterString>dataset</gco:CharacterString>
    </hierarchyLevelName>
    <contact gco:nilReason="missing"/>
    <dateStamp>
        <gco:Date>2020-01-15</gco:Date>
    </dateStamp>
    <metadataStandardName>
        <gco:CharacterString>ISO 19139 Geographic Information - Metadata - Implementation Specification</gco:CharacterString>
    </metadataStandardName>
    <metadataStandardVersion>
        <gco:CharacterString>2007</gco:CharacterString>
    </metadataStandardVersion>
    <identificationInfo>
        <MD_DataIdentification>
            <citation>
                <CI_Citation>
                    <title>
                        <gco:CharacterString>coseismic_landslides.mxd</gco:CharacterString>
                    </title>
                    <date gco:nilReason="missing"/>
                    <presentationForm>
                        <CI_PresentationFormCode codeList="http://www.isotc211.org/2005/resources/Codelist/gmxCodelists.xml#CI_PresentationFormCode" codeListValue="mapDigital" codeSpace="ISOTC211/19115">mapDigital</CI_PresentationFormCode>
                    </presentationForm>
                </CI_Citation>
            </citation>
            <abstract>
                <gco:CharacterString>Summary:One hundred twenty landslides were mapped and inferred to have occurred during the period of strong ground shaking related to the January 7th, 2020 Puerto Rico Mw6.4 earthquake. Landslides are widely dispersed with the highest concentration in the southwestern portion of the island, nearest the epicenter. Landslides are widely distributed up to ~ 40 km north of the epicenter. Landslide size distribution is smaller than what is observed for other recent coseismic events. Most failures appear to be shallow debris slides, involving soil and weathered rock, without significant runout. Landslides primarily occur in Tertiary age limestone units. Mapping methodology: Landslides were identified manually by an experienced geologist/GIS specialist using visual inspection of pre-/post-event high-resolution optical satellite imagery. Change in vegetation, surface roughness/surface morphology and albedo, and/or downslope appearance of loose debris were used to identify the perimeter of co-seismic landslides. Landslide polygon boundaries were manually drawn and registered to the post-event imagery. Boundaries include both source and deposit areas. Various attribute fields are included in the polygon feature class, including: author, pre-event image filename, the post-event image filename, the date the landslide was mapped, and the confidence level (high/low). Landslides with low confidence had either low image quality in either the pre or post event imagery, or more rarely, were missing or had an uncertain date of pre-event imagery. A few landslides (n=10) were reactivations of previous landslides, but had clear evidence of new landslide activity observed between the pre and post image, such as new debris, surface roughness change or retrogression. The extent of landslide mapping is defined by a separate polygon feature class that defines the geographic limit of the imagery used and areas masked by clouds. Limitations and uncertainties: Minimum landslide size is ~ 10 m2 based on imagery resolution. Landslides smaller than this value may not be represented by this dataset. This dataset is derived from imagery analysis only and has not been field-verified. Therefore, small landslides may be mistaken for other objects that are not well resolved by the resolution of imagery used or optical blurring/ misregistration. Satellite/Sensor:Orthorectified, multi-spectral images were used in GeoTiff format from WorldView-2 (WV02), WorldView-3 (WV03), and GeoEye-1 (GE01). These satellites provide 46cm, 31cm, and 41cm ground-sample distance resolution for pansharpened images respectively.Resolution:Landslide mapping was performed at 1:500 scale. Credits: Logan Knoper, Marin Clark, William Medwedeff, Kirk Townsend, Weibing Gong, University of Michigan; Dimitrios Zekkos, University of California, Berkeley; Dalia Kirschbaum (NASA-Goddard), Preliminary map of January 7, 2020 Mw6,4 Puerto Rico co-seismic landslides. This work was supported by NASA’s A.37 Disasters Landslides Project.Use Constraints:Digital images used for mapping are restricted by Digital Globe Inc., however, the derived mapping products presented here are publicly available. US National Geospatial-Intelligence Agency (NGA) licenses DigitalGlobe imagery, which can be used for US federal government purposes per the NextView license agreement.Esri REST Endpoint:See URL section on right side of pageWMS Endpoint:https://maps.disasters.nasa.gov/ags04/services/puerto_rico_earthquake_202001/coseismic_landslides/MapServer/WMSServer</gco:CharacterString>
            </abstract>
            <purpose>
                <gco:CharacterString>Preliminary Map of 1/7/2020 Puerto Rico Co-Seismic Landslides</gco:CharacterString>
            </purpose>
            <credit>
                <gco:CharacterString>Logan Knoper, Marin Clark, William Medwedeff, Kirk Townsend, Weibing Gong, University of Michigan; Dimitrios Zekkos, University of California, Berkeley; Dalia Kirschbaum (NASA-Goddard), Preliminary map of January 7, 2020 Mw6,4 Puerto Rico co-seismic landslides. This work was supported by NASA’s A.37 Disasters Landslides Project.</gco:CharacterString>
            </credit>
            <descriptiveKeywords>
                <MD_Keywords>
                    <keyword>
                        <gco:CharacterString>Other Documents</gco:CharacterString>
                    </keyword>
                    <thesaurusName uuidref="723f6998-058e-11dc-8314-0800200c9a66"/>
                </MD_Keywords>
            </descriptiveKeywords>
            <descriptiveKeywords>
                <MD_Keywords>
                    <keyword>
                        <gco:CharacterString>NASA</gco:CharacterString>
                    </keyword>
                    <keyword>
                        <gco:CharacterString>NASA Disasters Program</gco:CharacterString>
                    </keyword>
                    <keyword>
                        <gco:CharacterString>Puerto Rico</gco:CharacterString>
                    </keyword>
                    <keyword>
                        <gco:CharacterString>Landslide</gco:CharacterString>
                    </keyword>
                    <keyword>
                        <gco:CharacterString>Earthquake</gco:CharacterString>
                    </keyword>
                </MD_Keywords>
            </descriptiveKeywords>
            <descriptiveKeywords>
                <MD_Keywords>
                    <keyword>
                        <gco:CharacterString>NASA</gco:CharacterString>
                    </keyword>
                    <keyword>
                        <gco:CharacterString>NASA Disasters Program</gco:CharacterString>
                    </keyword>
                    <keyword>
                        <gco:CharacterString>Puerto Rico</gco:CharacterString>
                    </keyword>
                    <keyword>
                        <gco:CharacterString>Landslide</gco:CharacterString>
                    </keyword>
                    <keyword>
                        <gco:CharacterString>Earthquake</gco:CharacterString>
                    </keyword>
                </MD_Keywords>
            </descriptiveKeywords>
            <descriptiveKeywords>
                <MD_Keywords>
                    <keyword>
                        <gco:CharacterString>NASA</gco:CharacterString>
                    </keyword>
                    <keyword>
                        <gco:CharacterString>NASA Disasters Program</gco:CharacterString>
                    </keyword>
                    <keyword>
                        <gco:CharacterString>Puerto Rico</gco:CharacterString>
                    </keyword>
                    <keyword>
                        <gco:CharacterString>Landslide</gco:CharacterString>
                    </keyword>
                    <keyword>
                        <gco:CharacterString>Earthquake</gco:CharacterString>
                    </keyword>
                </MD_Keywords>
            </descriptiveKeywords>
            <descriptiveKeywords>
                <MD_Keywords>
                    <keyword>
                        <gco:CharacterString>NASA</gco:CharacterString>
                    </keyword>
                    <keyword>
                        <gco:CharacterString>NASA Disasters Program</gco:CharacterString>
                    </keyword>
                    <keyword>
                        <gco:CharacterString>Puerto Rico</gco:CharacterString>
                    </keyword>
                    <keyword>
                        <gco:CharacterString>Landslide</gco:CharacterString>
                    </keyword>
                    <keyword>
                        <gco:CharacterString>Earthquake</gco:CharacterString>
                    </keyword>
                </MD_Keywords>
            </descriptiveKeywords>
            <descriptiveKeywords>
                <MD_Keywords>
                    <keyword>
                        <gco:CharacterString>NASA</gco:CharacterString>
                    </keyword>
                    <keyword>
                        <gco:CharacterString>NASA Disasters Program</gco:CharacterString>
                    </keyword>
                    <keyword>
                        <gco:CharacterString>Puerto Rico</gco:CharacterString>
                    </keyword>
                    <keyword>
                        <gco:CharacterString>Landslide</gco:CharacterString>
                    </keyword>
                    <keyword>
                        <gco:CharacterString>Earthquake</gco:CharacterString>
                    </keyword>
                </MD_Keywords>
            </descriptiveKeywords>
            <resourceConstraints>
                <MD_Constraints>
                    <useLimitation>
                        <gco:CharacterString>NASA data and products are freely available to federal, state, public, non-profit and commercial users. This information can be experimental- or research-grade data products and may not be appropriate for operational use. These NASA data products, services, and the Disasters Mapping Portal are intended to aid decision makers and enhance situational awareness, but these data are not guaranteed to be consistently available or routinely updated. Please cite the information according to the direction provided in the metadata.Digital images used for mapping are restricted by Digital Globe Inc., however, the derived mapping products presented here are publicly available. US National Geospatial-Intelligence Agency (NGA) licenses DigitalGlobe imagery, which can be used for US federal government purposes per the NextView license agreement.</gco:CharacterString>
                    </useLimitation>
                </MD_Constraints>
            </resourceConstraints>
            <language>
                <LanguageCode codeList="http://www.loc.gov/standards/iso639-2/php/code_list.php" codeListValue="eng" codeSpace="ISO639-2">eng</LanguageCode>
            </language>
            <characterSet>
                <MD_CharacterSetCode codeList="http://www.isotc211.org/2005/resources/Codelist/gmxCodelists.xml#MD_CharacterSetCode" codeListValue="utf8" codeSpace="ISOTC211/19115">utf8</MD_CharacterSetCode>
            </characterSet>
            <environmentDescription>
                <gco:CharacterString> Version 6.2 (Build 9200) ; Esri ArcGIS 10.7.1.11595</gco:CharacterString>
            </environmentDescription>
            <extent>
                <EX_Extent>
                    <geographicElement>
                        <EX_GeographicBoundingBox>
                            <westBoundLongitude>
                                <gco:Decimal>-67.1596131371302</gco:Decimal>
                            </westBoundLongitude>
                            <eastBoundLongitude>
                                <gco:Decimal>-66.3156763940375</gco:Decimal>
                            </eastBoundLongitude>
                            <southBoundLatitude>
                                <gco:Decimal>17.9188709891472</gco:Decimal>
                            </southBoundLatitude>
                            <northBoundLatitude>
                                <gco:Decimal>18.4145596542653</gco:Decimal>
                            </northBoundLatitude>
                        </EX_GeographicBoundingBox>
                    </geographicElement>
                </EX_Extent>
            </extent>
        </MD_DataIdentification>
    </identificationInfo>
    <distributionInfo>
        <MD_Distribution>
            <distributionFormat>
                <MD_Format>
                    <name>
                        <gco:CharacterString>Map</gco:CharacterString>
                    </name>
                    <version gco:nilReason="missing"/>
                </MD_Format>
            </distributionFormat>
        </MD_Distribution>
    </distributionInfo>
</MD_Metadata>
